,loss,mean_squared_error,val_loss,val_mean_squared_error,epoch
0,17.49421458774143,388.3938903808594,13.814967897203234,269.7204284667969,0
1,8.214745799700419,125.976806640625,5.674576573901707,65.58876037597656,1
2,5.012550976541307,51.70392608642578,4.490880992677477,49.12813186645508,2
3,4.324640406502618,40.81585693359375,4.232041292720371,48.477745056152344,3
4,4.000580645269817,37.817813873291016,3.710821933216519,39.47349548339844,4
5,3.7712402873569064,32.51478576660156,3.701411406199137,39.63371276855469,5
6,3.6270225445429483,30.33449363708496,3.584195031060113,36.382850646972656,6
7,3.43805092242029,28.320573806762695,3.395004630088806,32.71952819824219,7
8,3.321846753358841,26.80080795288086,3.224154445860121,27.648509979248047,8
9,3.2345944245656333,25.128772735595703,3.177362004915873,28.369083404541016,9
10,3.1822749276955924,24.326873779296875,3.2072379059261746,25.289888381958008,10
11,3.1911723679966397,23.84041976928711,3.0251958767573037,25.7966365814209,11
12,3.0758871568573847,22.64206314086914,3.0456420183181763,24.347074508666992,12
13,3.069179081254535,22.920869827270508,2.983406490749783,24.099756240844727,13
14,3.0056867831283145,21.724123001098633,2.989408638742235,26.233964920043945,14
15,2.9947504334979587,21.449968338012695,2.930665089024438,25.245616912841797,15
16,2.9360034233993955,21.261672973632812,2.900181863043043,22.766679763793945,16
17,2.902188605732388,20.398107528686523,2.918658004866706,25.060256958007812,17
18,2.914688891834683,19.73273468017578,2.9021348224745855,24.106624603271484,18
19,2.8952597926060357,20.069704055786133,2.923167758517795,21.79488182067871,19
20,2.856460452079773,19.67879295349121,2.888214535183377,22.37091636657715,20
21,2.8359244962533317,19.387958526611328,2.9575973219341702,21.202503204345703,21
22,2.8194388581646814,18.993209838867188,2.830277575386895,21.01544189453125,22
23,2.776691565910975,18.590559005737305,2.8822556998994617,21.16353416442871,23
24,2.8372887902789645,18.699859619140625,2.915568987528483,23.559621810913086,24
25,2.7765450179576874,18.756975173950195,2.863820049497816,22.128175735473633,25
26,2.810396340158251,18.80400276184082,2.9629205067952475,22.911949157714844,26
27,2.7266409463352628,17.647634506225586,2.8954709238476224,22.54412078857422,27
28,2.7447655267185636,18.328262329101562,2.761173208554586,20.76349639892578,28
29,2.6986260612805686,17.658235549926758,2.81672195593516,20.422826766967773,29
30,2.6749007403850555,17.07530403137207,2.762959612740411,20.18228530883789,30
31,2.6865052812629275,17.438640594482422,2.8689935869640775,20.043237686157227,31
32,2.6559001174237995,17.068872451782227,2.827430102560255,19.9464054107666,32
33,2.6637268231974707,16.862754821777344,2.854505075348748,21.225065231323242,33
34,2.6091314024395413,16.984670639038086,2.7574901580810547,20.907934188842773,34
35,2.610209835900201,16.470447540283203,2.703818612628513,19.845539093017578,35
36,2.6109213365448847,16.398441314697266,2.8617415030797324,20.63070297241211,36
37,2.6570593350463443,16.645002365112305,2.8639678292804294,21.722837448120117,37
38,2.5663156078921423,16.126022338867188,2.736033704545763,19.158832550048828,38
39,2.5763564291927548,16.045177459716797,2.7423449556032815,19.49515724182129,39
40,2.570845267838902,15.918416023254395,2.85724671681722,20.900028228759766,40
41,2.5752976867887707,16.094064712524414,2.694400284025404,20.142230987548828,41
42,2.5024754967954426,15.355969429016113,2.730296320385403,19.528539657592773,42
43,2.497251369886928,15.081512451171875,2.8505488766564264,19.39764404296875,43
44,2.5342185033692255,15.775934219360352,2.8881339497036405,20.575794219970703,44
45,2.51766080988778,15.335854530334473,2.686539067162408,19.387189865112305,45
46,2.4594104919168682,14.873963356018066,2.7352618906233044,19.22455596923828,46
47,2.4810019499725766,15.127069473266602,2.673403647210863,19.493730545043945,47
48,2.4581580327616797,14.898499488830566,2.7272724045647516,19.519479751586914,48
49,2.407275848918491,14.070333480834961,2.959558473693,21.586538314819336,49
50,2.5146794517834983,15.223214149475098,2.648804956012302,19.01478385925293,50
51,2.3976172374354467,14.51235294342041,2.8952381081051297,21.062454223632812,51
52,2.4118823955456414,14.431363105773926,2.6683237155278525,19.917287826538086,52
53,2.39414777358373,14.481802940368652,2.6013903750313654,19.279869079589844,53
54,2.4473004142443338,14.554646492004395,2.711509108543396,18.947751998901367,54
55,2.3528002500534058,14.01365852355957,2.6887043250931635,19.001745223999023,55
56,2.350909673505359,13.668701171875,2.6655331717597113,19.75379180908203,56
57,2.3585300081306033,13.823195457458496,2.728749738799201,18.959197998046875,57
58,2.3494499408536487,13.703758239746094,2.8619120518366494,19.503536224365234,58
59,2.3361274119880466,13.901741981506348,2.76724640528361,19.332427978515625,59
60,2.340786607729064,13.829221725463867,2.7043987777498035,19.675451278686523,60
61,2.4099062085151672,14.320239067077637,2.9865466488732233,19.74051856994629,61
62,2.413853198289871,13.939022064208984,2.7675874763064914,19.19085693359375,62
63,2.285935014486313,13.358901977539062,2.710670312245687,19.07230567932129,63
64,2.2828097674581738,13.085555076599121,2.753750993145837,19.272592544555664,64
65,2.2608738525046244,12.997719764709473,2.7190159691704645,18.609207153320312,65
66,2.26598077846898,13.156665802001953,2.736481507619222,18.44377899169922,66
67,2.2949029256900153,13.061473846435547,2.8170470661587186,20.191844940185547,67
68,2.3440652638673782,13.593870162963867,2.82146774397956,19.173988342285156,68
69,2.314278529749976,13.170369148254395,2.7422482305102878,18.780858993530273,69
70,2.264130734735065,13.163195610046387,2.74473938677046,18.698963165283203,70
71,2.2458079126146107,12.901200294494629,2.694159362051222,18.707313537597656,71
72,2.2189129756556616,12.61392593383789,2.7938928736580744,18.90273666381836,72
73,2.254933168490728,12.907899856567383,2.7022138635317483,19.58800506591797,73
74,2.2600378625922732,12.549641609191895,2.832335114479065,19.079816818237305,74
75,2.2475292219056024,13.032187461853027,2.7622870206832886,19.374923706054688,75
76,2.2108723703357906,12.742558479309082,2.770088036855062,19.02948570251465,76
77,2.1991311328278647,12.25327205657959,2.7450536357031927,19.638561248779297,77
78,2.282348016897837,13.245862007141113,2.717582901318868,18.9136962890625,78
79,2.206821797622575,12.441093444824219,2.697098824712965,19.39119529724121,79
80,2.209937165180842,12.460684776306152,2.7364708450105457,18.708402633666992,80
81,2.181750069061915,12.10854721069336,2.680081672138638,19.067447662353516,81
82,2.2152929140461817,12.540617942810059,2.6814186573028564,19.74875831604004,82
83,2.219963424735599,12.71914005279541,2.6836738321516247,18.850675582885742,83
84,2.173035384880172,12.354988098144531,2.9238227208455405,19.347293853759766,84
85,2.179998886254099,12.137495994567871,2.72826968299018,18.38874053955078,85
86,2.1617104510466256,12.0285005569458,2.765631331337823,19.337854385375977,86
87,2.1730040361483893,12.029841423034668,2.6757222480244107,18.557527542114258,87
88,2.132989209559229,12.15073299407959,3.0140540599823,19.595563888549805,88
89,2.2827454838487835,12.65929889678955,2.8283403979407415,19.5410099029541,89
90,2.171733727057775,12.015152931213379,2.7413371801376343,19.027570724487305,90
91,2.150084045198229,11.90609359741211,2.8275996181699963,18.56010627746582,91
92,2.122275299496121,11.29136848449707,2.6660395595762463,18.49321746826172,92
93,2.1438203851381936,11.905881881713867,2.720427009794447,18.932205200195312,93
94,2.214402366015646,12.543050765991211,2.712939010726081,18.901948928833008,94
95,2.097646219862832,11.455650329589844,2.767290406756931,19.407556533813477,95
96,2.1088347799248166,11.82082462310791,2.719561047024197,18.754953384399414,96
97,2.1402951959106655,11.628056526184082,2.723088410165575,18.353090286254883,97
98,2.111058099402322,11.489514350891113,2.7691899008221097,18.283464431762695,98
99,2.1588051286008625,11.951385498046875,2.9012835688061185,20.352113723754883,99
100,2.1165609343184366,11.983065605163574,2.666165245903863,18.91117286682129,100
101,2.191298931837082,12.002946853637695,2.7472260925504894,18.26448631286621,101
102,2.1358246720499463,11.599302291870117,2.7196258968777127,18.171937942504883,102
103,2.1055645214186773,11.470137596130371,2.70492156346639,18.337387084960938,103
104,2.083927240636614,11.613231658935547,2.6595265865325928,18.655607223510742,104
105,2.052511634098159,11.374754905700684,2.729431470235189,19.07790184020996,105
106,2.09636950161722,11.313067436218262,2.826458560095893,18.48064613342285,106
107,2.115519871314367,11.734206199645996,2.790110561582777,19.08479118347168,107
108,2.123842724495464,11.624395370483398,2.7618817488352456,19.71702003479004,108
109,2.1346129841274686,11.978958129882812,2.744911935594347,18.537817001342773,109
110,2.1553130944569907,11.861648559570312,2.6899807188245983,18.538591384887695,110
111,2.0500281850496926,11.283050537109375,2.8156056669023304,18.849475860595703,111
112,2.059857292307748,11.277716636657715,2.678829828898112,18.70073699951172,112
113,2.078847204645475,11.100789070129395,2.777519279056125,18.973779678344727,113
114,2.0472575028737388,11.02785587310791,2.7045084502961902,18.547277450561523,114
115,2.0638615075084896,11.056989669799805,2.9024822182125516,19.36126708984375,115
116,2.086370868815316,10.94223403930664,2.6396099064085217,18.983993530273438,116
117,2.049165051844385,11.52420711517334,2.7319159507751465,18.058300018310547,117
118,2.0088185336854725,10.946948051452637,2.68965827094184,18.415117263793945,118
119,2.0274684760305615,10.893179893493652,2.875343402226766,20.155773162841797,119
120,2.08516156176726,11.36440658569336,2.644924190309313,18.416976928710938,120
121,2.0655779391527176,11.314806938171387,2.7866433130370245,18.782485961914062,121
122,2.093160652452045,11.359360694885254,2.6549907525380454,18.6392822265625,122
123,1.9989153113630083,10.953621864318848,2.7603334850735135,18.385272979736328,123
124,2.0095197508732476,10.7892427444458,2.727219329939948,18.56378936767578,124
125,1.9619013799561396,10.61642074584961,2.7189716498057046,18.352718353271484,125
126,1.9937173740731344,10.785881042480469,2.699336780442132,18.563859939575195,126
127,1.9942643245061238,10.67190170288086,2.799592826101515,18.408048629760742,127
128,1.9802375866307154,10.729820251464844,2.6961298253801136,18.22027587890625,128
129,2.0378397471374936,10.95911979675293,2.683278375201755,18.47223472595215,129
130,1.9879565603203244,10.64603328704834,2.7172721227010093,18.574649810791016,130
131,2.0023895137839847,10.893391609191895,2.6431243817011514,18.959980010986328,131
132,2.0170403685834675,10.819069862365723,2.752169052759806,18.62396240234375,132
133,1.9627056999338999,10.655391693115234,2.683675620290968,18.447956085205078,133
134,1.9575042227904003,10.577665328979492,2.6671120723088584,19.077619552612305,134
135,1.9432908197244008,10.351325988769531,2.747389078140259,19.131017684936523,135
136,1.9663082344664469,10.568939208984375,2.6582489675945706,17.9890193939209,136
137,2.0028922690285578,10.597655296325684,2.7215417358610363,19.892181396484375,137
138,2.008806021677123,10.490135192871094,2.7238616148630777,18.756614685058594,138
139,1.9453322605954275,10.464197158813477,2.660163746939765,18.533586502075195,139
140,1.9079991893635855,10.217119216918945,2.685342444313897,18.334484100341797,140
141,1.968317253722085,10.41082763671875,2.671949757470025,18.465566635131836,141
142,1.9276493738094966,10.305163383483887,2.6600484715567694,18.67709732055664,142
143,2.015287145972252,10.686367988586426,2.6676505671607122,18.31715202331543,143
144,1.9350981844796076,10.50462532043457,2.6842932568656073,18.473098754882812,144
145,1.8986092060804367,10.184577941894531,2.894650525516934,19.510055541992188,145
146,1.97369860443804,10.298614501953125,2.6832434866163464,18.652360916137695,146
147,1.9332123067643907,10.21118450164795,2.6839924918280706,18.178489685058594,147
148,1.9134116106563144,10.105628967285156,2.6327975723478527,18.55217742919922,148
149,1.9728206710682974,10.562252044677734,2.669739246368408,18.097911834716797,149
150,1.9818363934755325,10.388440132141113,2.725972685548994,18.762483596801758,150
151,1.953673521677653,10.34730052947998,2.7266206079059176,18.25924301147461,151
152,1.939773377445009,10.028779029846191,2.718408134248522,18.999034881591797,152
153,1.955034777522087,10.412055015563965,2.7101363870832653,18.649669647216797,153
154,1.906381368637085,10.103646278381348,2.7463435067070856,18.800167083740234,154
155,1.931787778933843,10.151627540588379,2.7109399106767444,18.41176986694336,155
156,1.9023716002702713,10.426102638244629,2.7369243701299033,18.94718360900879,156
157,1.9853364196088579,10.274650573730469,2.7995025316874185,19.522377014160156,157
158,1.9798080258899264,10.434596061706543,2.7371670405069985,18.877025604248047,158
159,2.004952578081025,10.512862205505371,2.86550592051612,18.914127349853516,159
160,1.940520362721549,9.83367919921875,2.6650731696022882,18.065317153930664,160
161,1.9121191766526964,10.092458724975586,2.6286990112728543,17.882347106933594,161
162,1.881976208753056,9.798239707946777,2.712441086769104,18.636333465576172,162
163,1.8954424493842654,9.829150199890137,2.7419690688451133,18.98493003845215,163
164,1.9603287999828656,9.938779830932617,2.7017230722639294,18.994686126708984,164
165,1.9535254670514002,10.06733512878418,2.6522322363323636,17.869739532470703,165
166,1.8867536427246199,9.905200004577637,2.777756373087565,19.5672664642334,166
167,1.9683251861068938,10.096099853515625,2.694907069206238,18.587722778320312,167
168,1.949331283569336,10.294135093688965,2.653201553556654,18.085647583007812,168
169,2.0282492621077433,10.055253028869629,2.713527414533827,18.05829620361328,169
170,1.8927598264482286,9.672250747680664,2.6578833791944714,18.23394775390625,170
171,1.9074514425463147,9.747822761535645,2.716668168703715,18.778234481811523,171
172,1.8967152734597523,9.65351390838623,2.6781188911861844,18.523290634155273,172
173,1.9516634427838855,10.206319808959961,2.788307229677836,19.72995376586914,173
174,1.9123277713855107,9.91171646118164,2.646500163608127,18.619661331176758,174
175,1.8823668244812224,9.895811080932617,2.710752089818319,18.80348777770996,175
176,1.8669142805867724,9.666070938110352,2.7093803352779813,18.323884963989258,176
177,1.9075438777605693,9.835679054260254,2.712520334455702,18.78812599182129,177
178,1.9121437006526523,9.563575744628906,2.78789124223921,18.722980499267578,178
179,1.9105347494284313,10.012112617492676,2.6936484707726374,18.683088302612305,179
180,1.8870312869548798,9.854622840881348,2.6946614450878568,18.721067428588867,180
181,1.9169278144836426,9.990033149719238,2.714156733618842,18.872554779052734,181
182,1.880747202369902,9.694189071655273,2.706706855032179,18.4068603515625,182
183,1.9001809424824185,9.875628471374512,2.7260144551595054,18.86260223388672,183
184,1.857086947394742,9.79266357421875,2.6559159490797253,18.618526458740234,184
185,1.8853177395131853,9.792763710021973,2.7201368146472507,18.693174362182617,185
186,1.8984061661693785,9.587014198303223,2.690412746535407,18.694791793823242,186
187,1.8921504997544818,9.73513412475586,2.713711632622613,18.98941993713379,187
188,1.8647605511877272,9.545247077941895,2.7054313686158924,18.67337417602539,188
189,1.8833190633191004,9.694083213806152,2.6744831204414368,18.9301815032959,189
190,1.8320277945862875,9.19428825378418,2.8114143345091076,19.660966873168945,190
191,1.962951550881068,10.185462951660156,2.6671547094980874,18.147441864013672,191
192,1.8970884068144693,9.512447357177734,2.8318697346581354,18.592437744140625,192
193,1.9899331662389967,10.453656196594238,2.696148157119751,18.162084579467773,193
194,1.9090211805370119,9.736584663391113,2.6971488926145764,18.421173095703125,194
195,1.9234517812728882,9.544925689697266,2.781068139606052,18.845129013061523,195
196,1.8807900531424417,9.485339164733887,2.7523498402701483,19.480113983154297,196
197,1.8806589262353048,9.560688972473145,2.7194769117567272,19.08017349243164,197
198,1.8840417034096189,9.630321502685547,2.7258310317993164,18.844749450683594,198
199,1.8429632931947708,9.434733390808105,2.7290204763412476,18.217050552368164,199
200,1.8580146572656102,9.222976684570312,2.8897414604822793,19.681320190429688,200
201,1.9224212020635605,9.469009399414062,2.6866517729229398,18.75228500366211,201
202,1.8553549382421706,9.264948844909668,2.7962914837731256,18.620027542114258,202
203,1.8501894308461084,9.29239559173584,2.8759530120425754,19.565120697021484,203
204,1.871629418598281,9.656761169433594,2.7800208859973483,19.09748077392578,204
205,1.9048900090985827,9.454609870910645,2.834857357872857,19.34026336669922,205
206,1.9098316000567541,9.557836532592773,2.766787979337904,18.702173233032227,206
207,1.8842056824101343,9.972833633422852,2.7400061157014637,19.154333114624023,207
208,1.8387530677848392,9.378098487854004,2.773573160171509,18.86711883544922,208
209,1.8160604412357013,9.362654685974121,2.6863749027252197,17.81462860107422,209
210,1.8552911397483614,9.382885932922363,2.7892301744884915,17.97529411315918,210
211,1.8909594582186804,9.397406578063965,2.713336851861742,18.059057235717773,211
212,1.8480633248885472,8.926273345947266,2.7217379013697305,18.827606201171875,212
213,1.9346661054425769,9.644179344177246,2.802934010823568,18.376354217529297,213
214,1.863628660639127,9.258970260620117,2.7334878047307334,18.86765480041504,214
215,1.8880590597788494,9.521337509155273,2.7307734224531384,18.55328369140625,215
216,1.8739267595940166,9.354825019836426,2.7272233963012695,18.188716888427734,216
217,1.8694820685519113,9.189346313476562,2.677466140853034,18.79399871826172,217
218,1.8220495300160513,9.22806167602539,2.767746369043986,19.006229400634766,218
219,1.8686772286891937,9.28969669342041,2.8460872968037925,18.71890640258789,219
220,1.8256318353944354,8.859336853027344,2.7029401196373835,18.206933975219727,220
221,1.8698666493097942,9.336801528930664,2.712643120023939,18.45355796813965,221
222,1.8336057364940643,8.719744682312012,2.7355416218439736,17.907421112060547,222
223,1.834520901242892,9.059453964233398,2.666156384680006,18.548696517944336,223
224,1.8611483441458807,9.050909042358398,2.7564338710572986,18.841171264648438,224
225,1.8285390420092478,9.00914192199707,2.733503964212206,18.2895565032959,225
226,1.8229609405001004,9.130087852478027,2.7320370276769004,18.884580612182617,226
227,1.8379369924465816,9.08604621887207,2.7336057821909585,18.21842384338379,227
228,1.7973991847700543,8.899085998535156,2.7480016814337835,18.84288787841797,228
229,1.8215858555502362,8.887959480285645,2.662661976284451,18.24651336669922,229
230,1.7989032848013773,8.956347465515137,2.699293202824063,18.253528594970703,230
231,1.8164691279331844,8.778234481811523,2.729100823402405,18.724231719970703,231
232,1.8135114113489788,9.160459518432617,2.7935460408528647,18.619626998901367,232
233,1.7967180394464068,8.9650297164917,2.7274085548188953,18.502416610717773,233
234,1.7771102016170819,8.794866561889648,2.689121709929572,18.22087287902832,234
235,1.8271802763144176,9.132471084594727,2.7512578434414334,19.555374145507812,235
236,1.8657769064108531,9.30351734161377,2.7358976867463856,18.933942794799805,236
237,1.898577739795049,9.476104736328125,2.7283502750926547,17.964208602905273,237
238,1.8416198425822787,8.84040641784668,2.782317135069105,18.480587005615234,238
239,1.7795948336521785,8.73538875579834,2.698069029384189,18.206117630004883,239
240,1.7890937560134463,8.88908863067627,2.736641956700219,18.316280364990234,240
241,1.7454273717270956,8.464116096496582,2.757556332482232,18.340246200561523,241
242,1.825294479727745,8.734891891479492,2.6930121845669217,18.4094295501709,242
243,1.851729691028595,8.972440719604492,2.765964216656155,18.49081039428711,243
244,1.8406610008743074,9.22304630279541,2.649969299634298,18.036645889282227,244
245,1.8071370977494452,8.555846214294434,2.686966644393073,17.564504623413086,245
246,1.810211910141839,8.619109153747559,2.668124887678358,17.597990036010742,246
247,1.8112663229306538,8.707743644714355,2.6711116896735296,17.799814224243164,247
248,1.8110935505893495,8.707024574279785,2.7261814806196423,17.69151496887207,248
249,1.8291561918126211,8.51114559173584,2.7262050575680203,18.17779541015625,249
250,1.779699585504002,8.688850402832031,2.7498623530069985,18.081823348999023,250
251,1.8057513419124815,8.893597602844238,2.7302250464757285,18.291885375976562,251
252,1.778892144560814,8.476812362670898,2.853509691026476,18.935100555419922,252
253,1.8154403070608776,8.890846252441406,2.7003857294718423,18.30628776550293,253
254,1.7824050469530954,8.632646560668945,2.759483973185221,18.062644958496094,254
255,1.789175642033418,8.741130828857422,2.7279360161887274,18.04913330078125,255
256,1.8883776863416035,9.182245254516602,2.7193523248036704,17.976688385009766,256
257,1.7756807373629675,8.509224891662598,2.7231561607784696,18.27488899230957,257
258,1.8489451441499922,8.995833396911621,2.7784012291166515,18.16583251953125,258
259,1.7769380774762895,8.531574249267578,2.730804165204366,17.98563003540039,259
260,1.793858226802614,8.505932807922363,2.7149623764885797,18.318307876586914,260
261,1.7771052983072069,8.362641334533691,2.8336856365203857,18.706520080566406,261
262,1.7540297110875447,8.45499038696289,2.6965104275279574,17.98858070373535,262
263,1.7746301972203784,8.645912170410156,2.7591714991463556,18.20345687866211,263
264,1.7676927637722757,8.197037696838379,2.7762917147742376,18.44038963317871,264
265,1.7621506253878276,8.215208053588867,2.711714916759067,18.034433364868164,265
266,1.7258789390325546,8.102507591247559,2.8539096779293485,18.645116806030273,266
267,1.8421845601664648,8.649995803833008,2.819053954548306,19.170494079589844,267
268,1.8223210449020069,8.578540802001953,2.699996338950263,18.197731018066406,268
269,1.7557544807593028,8.356147766113281,2.7566644880506725,18.133512496948242,269
270,1.7583059519529343,7.995385646820068,2.78298728995853,18.97765350341797,270
271,1.7960406757063336,8.58620834350586,2.77229024304284,18.266475677490234,271
272,1.7620993471807904,8.300310134887695,2.773445871141222,18.46978759765625,272
273,1.7435328687230747,8.085454940795898,3.0284169647428723,19.682085037231445,273
274,1.8193586013383336,8.596711158752441,2.7740533616807728,17.847877502441406,274
275,1.7247677197058995,8.044655799865723,2.695248246192932,17.735645294189453,275
276,1.772655604614152,8.228506088256836,2.7715526951683893,17.942182540893555,276
277,1.7473837716711893,7.934357643127441,2.7393851942486234,18.082435607910156,277
278,1.841836742228932,8.263936042785645,2.9847132894727917,20.071399688720703,278
279,1.8103377885288663,8.567419052124023,2.7194711764653525,17.712556838989258,279
280,1.8300255719158385,8.215853691101074,2.7025330464045205,17.71197509765625,280
281,1.7308177997668583,8.099747657775879,2.760578910509745,17.87561798095703,281
282,1.7614264571004443,8.056140899658203,2.8119692537519665,18.546226501464844,282
283,1.7449559734927282,7.9891581535339355,2.813589572906494,18.35127830505371,283
284,1.8501078519556258,8.184930801391602,2.68322307533688,17.63155746459961,284
285,1.846544098522928,7.971960067749023,2.8034864796532526,18.631702423095703,285
286,1.8557902872562408,8.54913330078125,2.695606251557668,17.667850494384766,286
287,1.7555924488438501,7.838605880737305,2.7587938441170587,17.87041664123535,287
288,1.7440884295437071,8.01876449584961,2.7141874896155462,17.405393600463867,288
289,1.7492949565251668,7.854021072387695,2.7997267643610635,18.97425079345703,289
290,1.7364046772321065,8.181798934936523,2.722683072090149,17.425443649291992,290
291,1.7612168076965544,8.110279083251953,2.752046479119195,17.979610443115234,291
292,1.7436455306079652,8.123128890991211,2.7833598454793296,18.090503692626953,292
293,1.7305720390544996,7.959649562835693,2.754325376616584,18.26496124267578,293
294,1.7747731539938185,8.122639656066895,2.8629289468129477,18.884437561035156,294
295,1.707489225599501,7.856614112854004,2.7891088591681585,17.75325584411621,295
296,1.7503033437662654,7.825030326843262,2.7677032815085516,17.84189224243164,296
297,1.7227105531427596,7.886932849884033,2.7249764468934803,17.520435333251953,297
298,1.7021558400657442,7.902886390686035,2.7898113197750516,18.227575302124023,298
299,1.701113674375746,7.525012969970703,2.772910899586148,18.162254333496094,299
300,1.7527951333257887,7.935911655426025,2.815380811691284,18.5956974029541,300
301,1.7293914614452257,7.818099498748779,2.8447666433122425,18.369083404541016,301
302,1.8059929543071322,8.199141502380371,2.719370471106635,17.804576873779297,302
303,1.7154555635319815,7.931568145751953,2.8412870036231146,18.60295867919922,303
304,1.815188080072403,8.038369178771973,2.824297057257758,18.58531379699707,304
305,1.8194597512483597,8.194279670715332,2.794566207461887,17.593351364135742,305
306,1.7331058714124892,7.922650337219238,2.764672597249349,18.063302993774414,306
307,1.6998666806353464,7.623381614685059,2.7321618530485363,17.459211349487305,307
308,1.740937263601356,7.860966205596924,2.762226515346103,17.763919830322266,308
309,1.703834558526675,7.849379539489746,2.8379124667909412,18.419273376464844,309
310,1.7128036005629435,7.788208961486816,2.7640706168280706,18.191360473632812,310
311,1.7187572601768706,7.837287902832031,2.76271034611596,18.256956100463867,311
312,1.704658607641856,7.696138381958008,2.923119134373135,19.047021865844727,312
313,1.750269660519229,7.8329949378967285,2.843873474333021,18.438806533813477,313
314,1.7261541419559054,7.777621269226074,2.7557750145594277,17.53443145751953,314
315,1.801646567053265,7.7089152336120605,2.7996246814727783,18.130556106567383,315
316,1.7211313396692276,7.6224517822265625,2.90707446469201,19.052885055541992,316
317,1.7079841130309634,7.790676593780518,2.8819347620010376,18.366252899169922,317
318,1.7063632607460022,7.7281341552734375,2.8098905086517334,17.655715942382812,318
319,1.7768979552719328,7.809784412384033,2.784399734603034,18.43567657470703,319
320,1.71970824069447,7.587859153747559,2.765742063522339,17.618820190429688,320
321,1.7459059332807858,7.563450336456299,2.7675113677978516,18.438791275024414,321
322,1.6760402735736635,7.378253936767578,2.757453997929891,17.508941650390625,322
323,1.7211524215009477,7.3152241706848145,2.767457193798489,17.947660446166992,323
324,1.715609119998084,7.428201675415039,2.748962296379937,17.936729431152344,324
325,1.719216192762057,7.618656158447266,2.8207258913252087,17.558467864990234,325
326,1.7557285345262952,7.706036567687988,2.7610008451673718,18.017667770385742,326
327,1.809033479127619,7.801777362823486,2.815289225843218,17.796205520629883,327
328,1.7103272295660443,7.571704387664795,2.8119675715764365,18.10149383544922,328
329,1.7114937835269504,7.355855464935303,2.8342107931772866,17.745777130126953,329
330,1.6830820987621944,7.210296154022217,2.7571127944522433,17.404104232788086,330
331,1.670486471719212,7.22504997253418,2.7865178849962025,17.36337661743164,331
332,1.7974465257591672,7.630120277404785,2.810237076547411,17.704654693603516,332
333,1.7678527103530035,7.650026798248291,2.823798908127679,17.54885482788086,333
334,1.6691535247696772,7.343476295471191,2.79472988181644,18.2689151763916,334
335,1.6703250060478847,7.491508483886719,2.8123049206203885,18.05655288696289,335
336,1.6986467954185274,7.461472511291504,2.8402990102767944,18.52768325805664,336
337,1.68904643257459,7.653801918029785,2.846659024556478,17.74055290222168,337
338,1.6990458220243454,7.442744731903076,2.8321533799171448,18.09227180480957,338
339,1.7486069401105244,7.45477819442749,2.7760331763161554,17.848461151123047,339
340,1.639446419974168,7.260281562805176,2.7918942636913724,17.417011260986328,340
341,1.701410589946641,7.330674171447754,2.78260514471266,17.710847854614258,341
342,1.6527095494998827,7.193097114562988,2.7515405416488647,17.4104061126709,342
343,1.6747949818770091,7.421309947967529,3.0984386338127985,20.50641632080078,343
344,1.6679185728232067,7.100728988647461,2.7869844171735974,17.782033920288086,344
345,1.719496534930335,7.266594886779785,2.821453226937188,17.925477981567383,345
346,1.6556857873996098,7.272409915924072,2.805433326297336,17.373205184936523,346
347,1.705410286784172,7.30463171005249,2.8475615315967135,18.372692108154297,347
348,1.6820889165004094,7.063371658325195,2.7755145761701794,17.253149032592773,348
349,1.6644936319854524,7.162946701049805,2.7958032422595553,18.06360626220703,349
350,1.680406015780237,7.108625411987305,2.8031565613216824,17.75755500793457,350
351,1.663351896736357,7.019382953643799,2.786328978008694,17.305889129638672,351
352,1.6576946535044246,7.072129249572754,2.803958124584622,17.66878318786621,352
353,1.6567500746912427,6.822081565856934,2.762283338440789,16.830501556396484,353
354,1.6932907435629103,7.299379825592041,2.8575590319103665,17.821033477783203,354
355,1.7176172120703592,6.999630928039551,2.728504922654894,17.024927139282227,355
356,1.750678476360109,7.379586696624756,2.7622405290603638,17.109521865844727,356
357,1.643150058057573,6.910357475280762,2.79066624906328,17.129541397094727,357
358,1.6636147279706266,6.937745094299316,2.7665387127134533,16.767349243164062,358
359,1.7006119787693024,6.973515033721924,2.78894743654463,17.272872924804688,359
360,1.7199899968173769,6.981144428253174,2.777347856097751,17.135616302490234,360
361,1.6023318933116064,6.794516563415527,2.7751059267255993,17.56049156188965,361
362,1.704766063226594,6.910914421081543,2.8190929094950357,17.707481384277344,362
363,1.751801061961386,7.206203937530518,2.7900565597746105,17.13739013671875,363
364,1.6929792943927977,6.911745548248291,2.767866704199049,17.35123634338379,364
365,1.6584195411867566,6.936093330383301,2.8379062281714544,17.07696533203125,365
366,1.6539321740468342,6.661593437194824,2.8438191413879395,18.28177833557129,366
367,1.6420912726057901,6.923065662384033,2.8222584989335804,18.221054077148438,367
368,1.6742972417010202,7.019093990325928,2.8169787459903293,17.566038131713867,368
369,1.7109674033191469,6.958772659301758,2.802649392022027,17.643871307373047,369
370,1.6781664225790236,6.688019275665283,2.946251246664259,19.192996978759766,370
371,1.6631612214777205,6.687571048736572,2.795795930756463,17.86625862121582,371
372,1.6941003484858408,7.15601110458374,2.745653748512268,16.52579116821289,372
373,1.666987794968817,6.743807792663574,2.751404960950216,16.774070739746094,373
374,1.6612952848275502,6.806901454925537,2.7945626179377236,16.89031219482422,374
375,1.6475364764531453,6.657199382781982,2.798525187704298,17.34375762939453,375
376,1.6481244638562202,6.6081013679504395,2.7864180670844183,16.870986938476562,376
377,1.5965807884931564,6.767550945281982,2.7341424889034696,16.981489181518555,377
378,1.6655130916171603,6.640562534332275,2.82511297861735,17.29705810546875,378
379,1.647491263018714,6.816462993621826,2.822411722607083,17.036832809448242,379
380,1.6707337730460696,6.767880916595459,2.877978934182061,18.26056671142578,380
381,1.637718493739764,6.539698600769043,2.745577428076002,16.741750717163086,381
382,1.6625731653637357,6.4575276374816895,2.8035924434661865,16.59592628479004,382
383,1.66991711821821,6.715784072875977,2.6982665591769748,16.248905181884766,383
384,1.6501116851965587,6.666119575500488,2.7824621862835355,16.639827728271484,384
385,1.6924938013156254,6.704030513763428,2.7715638081232705,16.719356536865234,385
386,1.7023513433006074,6.7923197746276855,2.7006928523381553,16.223825454711914,386
387,1.6805944012271032,6.851922512054443,2.7555890215767755,17.015262603759766,387
388,1.7681883970896404,7.036723613739014,2.756192829873827,16.643508911132812,388
389,1.6321822065446112,6.3023552894592285,2.751570569144355,16.28460693359375,389
390,1.607787612411711,6.463663101196289,2.8372611337237887,17.054887771606445,390
391,1.6066700849268172,6.398359775543213,2.8037113878462048,17.066682815551758,391
392,1.623025541504224,6.407074928283691,2.796199096573724,17.623241424560547,392
393,1.6546390222178564,6.727691173553467,2.833621713850233,17.273483276367188,393
394,1.745316497153706,6.744938373565674,2.8531138234668307,17.22064971923828,394
395,1.6372780087921355,6.5462164878845215,2.7703742583592734,16.399351119995117,395
396,1.6690104769335852,6.59863805770874,2.8104385005103216,16.98613929748535,396
397,1.6301757395267487,6.36046838760376,2.795374380217658,16.336027145385742,397
398,1.616630385319392,6.294200897216797,2.8262797594070435,16.626174926757812,398
399,1.7028018765979342,6.86541223526001,2.8599109517203436,17.0002384185791,399
400,1.6018326762649748,6.300577640533447,2.779396096865336,16.75406837463379,400
401,1.5883862492110994,6.054841041564941,2.868406507703993,17.082056045532227,401
402,1.621374998655584,6.336995601654053,2.802815397580465,16.401567459106445,402
403,1.5947714116838243,6.305720329284668,2.8502645757463245,16.63828468322754,403
404,1.6114422505100567,6.5620198249816895,2.85663902759552,17.52903175354004,404
405,1.6415872987773683,6.253305435180664,2.927643616994222,17.579126358032227,405
406,1.6466451212763786,6.62092399597168,3.0436333815256753,18.93498420715332,406
407,1.6034959852695465,6.174175262451172,2.8071046537823148,16.841676712036133,407
408,1.5986793430315123,6.285451412200928,2.821838286187914,16.335174560546875,408
409,1.614036089844174,6.225841045379639,2.8543364736768932,16.53590202331543,409
410,1.6406674600309796,6.2453293800354,2.8270819981892905,17.0405330657959,410
411,1.5647920386658773,6.133604049682617,2.8747483359442816,17.715084075927734,411
412,1.6406119912862778,6.385676860809326,2.800305816862318,16.82547950744629,412
413,1.5798479484187231,6.216745853424072,2.8629376888275146,16.763633728027344,413
414,1.6054959578646555,6.443270683288574,2.8481594589021473,16.66549301147461,414
415,1.6060155067178938,6.232386112213135,2.7875241306093006,16.221439361572266,415
416,1.6117037650611665,6.1820068359375,2.838401542769538,16.582199096679688,416
417,1.6073684096336365,6.255939483642578,2.826084746254815,16.789390563964844,417
418,1.6070865069826443,6.158865928649902,2.7661061154471502,16.002233505249023,418
419,1.6817940258317523,6.457557201385498,2.807032757335239,16.532672882080078,419
420,1.684445967276891,6.388331890106201,2.859690851635403,16.414134979248047,420
421,1.6307718737257852,6.223661422729492,2.8221749464670816,16.699079513549805,421
422,1.6537961744599872,6.292264461517334,2.80918206108941,16.439586639404297,422
423,1.567198062936465,6.123412132263184,2.857364773750305,16.87914276123047,423
424,1.5931668993499544,6.016328811645508,2.7763271464241877,16.134668350219727,424
425,1.6227444253034062,6.0328288078308105,2.7795983155568442,15.642328262329102,425
426,1.6119769952363439,6.260130882263184,2.8470697667863636,16.431184768676758,426
427,1.5872395253843732,6.108270168304443,2.814698060353597,16.355579376220703,427
428,1.5881366779406865,6.03795051574707,2.8597751590940685,16.65949249267578,428
429,1.6832477665609784,6.528997898101807,2.8234218623903065,16.55707359313965,429
430,1.579093509250217,5.774947643280029,2.7821640835867987,16.175195693969727,430
431,1.5948306388325162,6.051276683807373,2.901681078804864,16.842201232910156,431
432,1.569915912217564,5.956972122192383,2.9053973621792264,16.81467056274414,432
433,1.581967877017127,5.995639324188232,2.836620913611518,16.334522247314453,433
434,1.5860769384437137,5.987025260925293,2.8488436937332153,17.31562042236328,434
435,1.5906788888904784,6.311984062194824,2.8316028912862143,16.11095428466797,435
436,1.5721635570128758,5.9025044441223145,2.8817663722568088,16.56708526611328,436
437,1.568831334511439,5.857090473175049,2.8704464038213096,16.288230895996094,437
438,1.5427916488713689,5.834868431091309,2.855193840132819,16.357799530029297,438
439,1.6475754082202911,6.302689075469971,2.907298114564684,16.86841583251953,439
440,1.60901264515188,6.132866382598877,2.954005559285482,17.6530818939209,440
441,1.6074628581603367,5.769189357757568,2.8420082728068032,16.774694442749023,441
442,1.675173055794504,6.28127384185791,2.823420670297411,16.59397315979004,442
443,1.5433201558060117,5.887410640716553,2.8181215392218695,16.235422134399414,443
444,1.542249023086495,5.871283054351807,2.788847393459744,15.815916061401367,444
445,1.6214422202772565,5.594595432281494,2.805877579583062,16.233333587646484,445
446,1.6587183756960764,6.083714008331299,2.939688073264228,16.85649299621582,446
447,1.5663414531283908,5.741942405700684,2.8673141400019326,16.636600494384766,447
448,1.59816193415059,6.080019474029541,2.7926177183787027,15.950956344604492,448
449,1.5366625835498173,5.806438446044922,2.9123589860068426,16.706201553344727,449
450,1.5184541559881635,5.737068176269531,2.869678258895874,16.081401824951172,450
451,1.634325709607866,6.008922576904297,2.8023279905319214,16.311304092407227,451
452,1.640552959508366,5.939117431640625,2.752035472128126,15.470866203308105,452
453,1.5792718960179224,5.773614883422852,2.8252228101094565,15.954034805297852,453
454,1.5677396977941196,5.818358898162842,2.842724906073676,16.177846908569336,454
455,1.539077068368594,5.695451736450195,2.8071857028537326,15.959843635559082,455
456,1.5436419679058924,5.701252460479736,2.8341340753767224,16.02120590209961,456
457,1.6055936283535428,5.800825119018555,2.8287141058180065,15.879852294921875,457
458,1.551319534579913,5.537348747253418,2.880670176612006,16.250049591064453,458
459,1.5652070144812267,5.722463130950928,2.870111452208625,16.118629455566406,459
460,1.5759654757049348,5.68756103515625,2.8229704433017306,16.01079559326172,460
461,1.5468283345301945,5.756402492523193,2.8130822711520724,16.003578186035156,461
462,1.5375354339679081,5.5749897956848145,2.7737202246983848,15.158185005187988,462
463,1.529093184404903,5.377287864685059,2.842337714301215,16.079357147216797,463
464,1.569094950126277,5.620809555053711,2.8151381810506186,15.696504592895508,464
465,1.521915939119127,5.471804618835449,2.7611318826675415,15.423136711120605,465
466,1.5786949652764533,5.788156986236572,2.818461537361145,15.644511222839355,466
467,1.5289967324998643,5.490448951721191,2.830938047832913,15.606897354125977,467
468,1.6066339049074385,5.957959175109863,2.85279209083981,16.162715911865234,468
469,1.5731636368566089,5.635419845581055,2.8530833853615656,16.427276611328125,469
470,1.510142534143395,5.323056221008301,2.855353448126051,16.067249298095703,470
471,1.4983599252170987,5.545604228973389,2.8072532415390015,15.461129188537598,471
472,1.4824553918507364,5.435192108154297,2.805957661734687,15.57504653930664,472
473,1.5208022933867242,5.470346927642822,2.801537103123135,15.583643913269043,473
474,1.5722191565566592,5.777464866638184,2.8532638947168985,16.410856246948242,474
475,1.5025157183408737,5.321248531341553,2.910025225745307,16.39581871032715,475
476,1.5829167746835284,5.727692127227783,2.8611998425589666,15.45715618133545,476
477,1.518465268943045,5.366841793060303,2.78408846590254,15.315648078918457,477
478,1.5642525785499148,5.686928749084473,2.8113783333036633,15.161018371582031,478
479,1.501913790901502,5.534832000732422,2.8018006218804254,15.335885047912598,479
480,1.5271558066209157,5.481353282928467,2.837852372063531,15.777910232543945,480
481,1.4928788310951657,5.329552173614502,2.8130065467622547,15.58908462524414,481
482,1.5172433604796727,5.324498653411865,2.868731829855177,15.916434288024902,482
483,1.4996323337157567,5.301660060882568,2.904444204436408,16.762210845947266,483
484,1.532282066014078,5.330888748168945,2.9883442454867892,17.054006576538086,484
485,1.5283359669976764,5.511587142944336,2.92663656340705,16.55040168762207,485
486,1.5184087256590526,5.528059005737305,2.906319167878893,16.154680252075195,486
487,1.4786786379085646,5.456918716430664,2.997038033273485,17.10040855407715,487
488,1.5202473352352779,5.613152980804443,2.8589565886391535,15.3431396484375,488
489,1.5049669080310397,5.352231502532959,2.856748792860243,15.674483299255371,489
490,1.5596215600768726,5.514682769775391,2.782114717695448,15.09244155883789,490
491,1.524813758002387,5.4212775230407715,2.919756187333001,16.243059158325195,491
492,1.5701174553897645,5.473973751068115,2.836599204275343,15.896777153015137,492
493,1.5086096210612192,5.166933536529541,2.804450684123569,15.347972869873047,493
494,1.553023366464509,5.609489917755127,2.780903114212884,14.948692321777344,494
495,1.4743333756923676,5.197912693023682,2.84028951327006,15.33543872833252,495
496,1.4870725431376033,5.360642910003662,2.857748111089071,15.61634635925293,496
497,1.582392210761706,5.726123809814453,2.7706997129652233,15.080450057983398,497
498,1.5009301503499348,5.27871036529541,2.7981683943006725,15.234024047851562,498
499,1.4858650631374783,5.229715824127197,2.8056752019458346,15.310874938964844,499
500,1.4475312050845888,5.156314373016357,2.815491053793165,15.698280334472656,500
501,1.5488638463947508,5.719723701477051,2.8209352360831366,15.522172927856445,501
502,1.5994323781794972,5.816985130310059,2.802072525024414,15.277156829833984,502
503,1.514727180202802,5.20822811126709,2.783657603793674,15.15685749053955,503
504,1.5013379802306492,5.287591457366943,2.806629286872016,15.319320678710938,504
505,1.5123858882321253,5.187986850738525,2.81390553050571,14.558910369873047,505
506,1.4870409758554564,5.0414814949035645,2.856671995586819,15.75880241394043,506
507,1.5325451294581096,5.443136692047119,2.8510331312815347,15.919986724853516,507
508,1.503477469086647,5.2613725662231445,2.8275594976213245,15.117353439331055,508
509,1.5791094799836476,5.731025218963623,2.874966926044888,15.459392547607422,509
510,1.6428646776411269,5.651793956756592,2.8283375104268393,15.354418754577637,510
511,1.5103260692622926,5.2284417152404785,2.9676902691523233,16.10810089111328,511
512,1.5591770029730267,5.349942207336426,2.7820488611857095,15.067913055419922,512
513,1.480470899078581,5.330342769622803,2.8992481893963284,16.286130905151367,513
514,1.5150343577067058,5.275246620178223,2.970157119962904,16.61334228515625,514
515,1.4654628667566512,5.228779315948486,2.8316904173956976,15.43887710571289,515
516,1.4653615769412782,5.228157043457031,2.8509251144197254,15.293417930603027,516
517,1.486953243613243,5.001773834228516,2.7725726101133557,14.745100975036621,517
518,1.4666942324903276,5.233099460601807,2.820425033569336,15.021185874938965,518
519,1.4623833199342091,5.203496932983398,2.907716883553399,16.078855514526367,519
520,1.4857297448648348,5.291231632232666,2.8784970707363553,16.079376220703125,520
521,1.479134029812283,5.1208906173706055,2.842258758015103,15.242254257202148,521
522,1.4964092373847961,5.200615882873535,2.8617016474405923,15.215470314025879,522
523,1.462562061018414,4.875893592834473,2.712239702542623,14.684718132019043,523
524,1.5025876843267016,5.254486560821533,2.838644173410204,15.305850982666016,524
525,1.459842410352495,5.1089653968811035,2.8229068517684937,15.155900001525879,525
526,1.431160807609558,5.032200336456299,2.8053519460890026,15.143362045288086,526
527,1.4478311720821593,5.070641994476318,2.8773658010694714,15.483603477478027,527
528,1.4307696604066424,5.065408706665039,2.78424338499705,14.960461616516113,528
529,1.4621424939897325,5.080077171325684,2.7866336372163563,14.616646766662598,529
530,1.584388608733813,5.425917148590088,2.809709760877821,15.422426223754883,530
531,1.5282866011063259,5.295715808868408,2.7852784792582193,15.154592514038086,531
532,1.4730753468142614,5.1191725730896,2.8122672372394137,14.907060623168945,532
533,1.5004273851712544,5.236876487731934,2.8220118549135,15.063349723815918,533
534,1.452150907781389,4.973662853240967,2.808564398023817,15.282468795776367,534
535,1.4318122193217278,4.951056003570557,2.8694310188293457,16.023405075073242,535
536,1.4699798507822885,5.175648212432861,2.8131993346744113,15.210960388183594,536
537,1.4847190628449123,5.043023109436035,2.829613274998135,15.002254486083984,537
538,1.4424285342295964,5.0581769943237305,2.797634151246813,15.03198528289795,538
539,1.4515939636362925,5.237661838531494,2.8065019051233926,15.299874305725098,539
540,1.5536286814345255,5.763619422912598,2.844759464263916,15.029889106750488,540
541,1.4517060435480542,5.106627464294434,2.8848374949561224,15.911114692687988,541
542,1.4518725126981735,5.060359001159668,2.8107782469855414,15.08738899230957,542
543,1.4342236618200939,5.13706111907959,2.8696831597222223,15.064352035522461,543
544,1.4409405572546854,5.098478317260742,2.7930242485470242,14.775984764099121,544
545,1.4300686882601843,5.091122627258301,2.862007247077094,15.309381484985352,545
546,1.4624200330840216,5.261091232299805,2.7546701431274414,14.570793151855469,546
547,1.3981388865245714,5.011867523193359,2.7788116799460516,14.724403381347656,547
548,1.47439180728462,5.114682197570801,2.7761700418260364,14.791687965393066,548
549,1.494296380215221,5.163967132568359,2.8589903116226196,15.524551391601562,549
550,1.4593567980660334,5.107237815856934,2.8181258572472467,15.37952709197998,550
551,1.4709149772922199,5.233488082885742,2.820913897620307,15.126129150390625,551
552,1.406827257739173,4.8200602531433105,2.7373857498168945,15.133661270141602,552
553,1.5176517359084554,4.920359134674072,2.7764038509792752,14.62198257446289,553
554,1.4146481321917639,4.955262184143066,2.79138093524509,15.30942440032959,554
555,1.5237006031804614,5.077079772949219,2.7703868415620594,14.826967239379883,555
556,1.4806849989626143,5.217502117156982,2.917192922698127,16.445371627807617,556
557,1.428370808561643,4.994335174560547,2.80755443043179,15.15955638885498,557
558,1.4252166383796268,4.875905513763428,2.890221701727973,15.34927749633789,558
559,1.439791300230556,4.906574726104736,2.7961417304144964,15.29854965209961,559
560,1.4130861196253035,4.9492669105529785,2.8220287693871393,15.234842300415039,560
561,1.4213119538293943,4.868819713592529,2.8155774937735663,15.261513710021973,561
562,1.416899585061603,4.961049556732178,2.833947923448351,14.824790000915527,562
563,1.4415831797652774,4.8499836921691895,2.826418876647949,15.138147354125977,563
564,1.4315033505360286,4.951723575592041,2.8844359053505793,15.845850944519043,564
565,1.4101676295200984,4.80361795425415,2.9008978605270386,15.787251472473145,565
566,1.4643493791421254,4.918177604675293,2.9344489574432373,16.24264907836914,566
567,1.4759019977516599,5.023227691650391,2.8067739804585776,15.497761726379395,567
568,1.4462476521730423,4.9829511642456055,2.8193796740637884,14.849865913391113,568
569,1.4373124258385763,4.876743316650391,2.8038280142678156,15.080022811889648,569
570,1.3820637704597578,4.706989288330078,2.8841025961769953,15.330220222473145,570
571,1.420722218023406,4.802338123321533,2.962087790171305,16.921619415283203,571
572,1.4943110942840576,5.090089321136475,2.754641340838538,14.68786334991455,572
573,1.4394666254520416,4.831105709075928,2.7969643804762097,15.138167381286621,573
574,1.4379441456662283,4.967478275299072,2.84668148888482,15.430635452270508,574
575,1.443587549858623,4.947242736816406,2.8472123410966663,15.568532943725586,575
576,1.4424564954307344,4.832282543182373,2.8403151432673135,15.340012550354004,576
577,1.4093622035450406,4.707375526428223,2.8023154868019953,14.804516792297363,577
578,1.4209690143664677,4.69377326965332,2.9549194839265613,16.101036071777344,578
579,1.4505788667334452,4.937832832336426,2.8713889519373574,15.034306526184082,579
580,1.4286941174003813,5.060256004333496,2.793140093485514,14.714439392089844,580
581,1.462089527812269,5.094799041748047,2.812397837638855,15.151674270629883,581
582,1.44464374664757,5.01479434967041,2.8864368200302124,15.785606384277344,582
583,1.410424745745129,4.9401397705078125,2.8914246029324002,15.465669631958008,583
584,1.3854276951816347,4.821712493896484,2.809514946407742,15.066089630126953,584
585,1.3378841860426798,4.651769638061523,2.8141731288697986,15.097972869873047,585
586,1.4998945163355932,5.072816848754883,2.7860404120551214,15.264710426330566,586
587,1.5095236914025412,5.2587175369262695,2.794131464428372,14.558526992797852,587
588,1.3904573155774012,4.8070149421691895,2.864552895228068,15.979354858398438,588
589,1.473306581377983,5.2001872062683105,2.848259064886305,15.741876602172852,589
590,1.4740267362859514,4.971439361572266,2.8321810166041055,15.070694923400879,590
591,1.45549476146698,4.994758129119873,2.8627847168180676,15.998734474182129,591
592,1.446586976448695,4.99295711517334,2.8114812903934054,15.204695701599121,592
593,1.4699655266271696,5.023288249969482,3.209748480055067,18.251819610595703,593
594,1.5420253707302942,4.950229167938232,2.8821326229307385,15.717765808105469,594
595,1.418987860282262,4.8252272605896,2.8901209433873496,15.811198234558105,595
596,1.4057447529501386,4.745096683502197,2.8229079908794827,15.062813758850098,596
597,1.4173661569754283,4.816457748413086,2.7940699524349637,15.006103515625,597
598,1.4563364717695448,4.885302543640137,2.854331374168396,15.307053565979004,598
599,1.4172163870599535,4.81450080871582,2.9538830386267767,16.31256103515625,599
600,1.4454189770751529,4.939373970031738,2.8539943959977894,15.421204566955566,600
601,1.3800266575482156,4.593238353729248,2.8291143576304116,15.049307823181152,601
602,1.3836831375956535,4.625493049621582,2.8445240921444364,15.316390037536621,602
603,1.4285147852367825,4.64527702331543,2.791941854688856,15.140295028686523,603
604,1.436278846528795,4.835512161254883,2.871621158387926,15.457880973815918,604
605,1.4277044220103159,4.878618240356445,2.9079558981789484,15.911636352539062,605
606,1.4828827348020341,5.05125093460083,2.8930502467685275,16.22439956665039,606
607,1.3626641084750493,4.843031883239746,2.944900459713406,16.564855575561523,607
608,1.4373369266589482,4.9117937088012695,2.7930586338043213,14.966557502746582,608
609,1.4231339196364086,4.8738179206848145,2.9748520056406655,15.99000072479248,609
610,1.4024390561713114,4.731210708618164,2.8276555008358426,15.132318496704102,610
611,1.4195842064089246,4.692375183105469,2.8074769576390586,14.772040367126465,611
612,1.3820917266938422,4.806207180023193,2.872964342435201,15.620135307312012,612
613,1.3684627521369193,4.7223968505859375,2.8624296850628324,15.527101516723633,613
614,1.3916314360168245,4.806882858276367,2.9576614565319486,16.116451263427734,614
615,1.429496871928374,4.819546222686768,3.010681947072347,16.604679107666016,615
616,1.434166247646014,4.960686206817627,2.880377213160197,15.524024963378906,616
617,1.4153456373347177,4.706579685211182,2.8468370172712536,15.442510604858398,617
618,1.4005677070882585,4.771219730377197,2.88757942782508,15.57898998260498,618
619,1.4676368650462892,4.979506492614746,2.819700757662455,15.281919479370117,619
620,1.407111131482654,4.846634864807129,2.80759769015842,14.982854843139648,620
621,1.3702067567242517,4.582041263580322,2.9203600618574352,16.160903930664062,621
622,1.3870324326886072,4.602654457092285,2.8407768408457437,15.686848640441895,622
623,1.4061540977822409,4.828897953033447,2.8142652577824063,15.423365592956543,623
624,1.3834102534585528,4.630520820617676,2.839846822950575,15.51589584350586,624
625,1.3930211497677698,4.562561511993408,2.87928307056427,16.09723663330078,625
626,1.3678311862879329,4.684795379638672,2.8076256381140814,15.126984596252441,626
627,1.4055799394845963,4.707651138305664,2.807778795560201,15.279979705810547,627
628,1.3635405500729878,4.550749778747559,2.799367070198059,15.315966606140137,628
629,1.405692231323984,4.739320278167725,2.8918590015835233,15.457901000976562,629
630,1.3627952130304442,4.6860575675964355,2.8113826910654702,15.138030052185059,630
631,1.4654448727766674,4.980579376220703,2.9101050429873996,16.292585372924805,631
632,1.4369149340523615,4.941393852233887,2.8788752688301935,15.847951889038086,632
633,1.4057111193736394,4.854463577270508,2.85546514723036,15.227570533752441,633
634,1.3465839525063832,4.6015400886535645,2.922647621896532,16.635465621948242,634
635,1.5075785617033641,5.056036472320557,2.824507819281684,15.245870590209961,635
636,1.4372080680396822,4.637484073638916,2.837583303451538,15.021270751953125,636
637,1.4002779672543209,4.61995267868042,2.806078248553806,15.16942310333252,637
638,1.3672370604342885,4.726125240325928,2.950561245282491,16.235397338867188,638
639,1.3548189939724073,4.747226238250732,2.888148453500536,15.739446640014648,639
640,1.353653649489085,4.596316337585449,2.857550303141276,15.63110065460205,640
641,1.3470440457264583,4.5539870262146,2.9704229566786022,16.211030960083008,641
642,1.4017377230856154,4.775668621063232,2.9564795361624823,16.515106201171875,642
643,1.3926363761226337,4.649105548858643,2.908539136250814,16.069807052612305,643
644,1.4678461005290349,4.836354732513428,2.9286206695768566,16.043766021728516,644
645,1.3798598763015535,4.4673004150390625,2.8562440872192383,15.772477149963379,645
646,1.3620711233880785,4.54842472076416,2.8982676532533436,15.941160202026367,646
647,1.376037084394031,4.5132622718811035,2.911006980472141,15.843867301940918,647
648,1.5037455840243235,5.030910491943359,2.8262161546283298,15.355749130249023,648
649,1.3276308327913284,4.343591213226318,2.9610508415434094,16.62339210510254,649
650,1.3371098587910335,4.568767070770264,2.862313840124342,16.17986297607422,650
651,1.39246832827727,4.459099769592285,2.837121155526903,15.216087341308594,651
652,1.4446139583985012,4.734228610992432,2.9742117325464883,16.749284744262695,652
653,1.3740753134091694,4.590112209320068,2.908184210459391,15.986276626586914,653
654,1.4291899618175294,4.6730780601501465,2.864040414492289,15.911696434020996,654
655,1.4121211965878804,4.648400783538818,2.805486705568102,15.650435447692871,655
656,1.3773051541712549,4.536320209503174,2.849064999156528,15.735995292663574,656
657,1.5116954859760072,4.713424205780029,2.9371043708589344,15.869171142578125,657
658,1.4018877289361424,4.640875339508057,2.854571157031589,15.657425880432129,658
659,1.4211118833886252,4.777070045471191,2.8030016819636026,15.564970016479492,659
660,1.3871880281302664,4.629428863525391,2.9370579189724393,15.879729270935059,660
661,1.3895101191269026,4.582273483276367,2.782012277179294,15.131614685058594,661
662,1.369963836338785,4.458102703094482,2.854888439178467,15.624184608459473,662
663,1.3736447675360575,4.58411169052124,2.842464460266961,15.494850158691406,663
664,1.485627657837338,4.874228000640869,2.8151897192001343,15.564538955688477,664
665,1.347331017255783,4.331418991088867,2.8137737115224204,15.859624862670898,665
666,1.4119873858160443,4.690719127655029,2.9849572446611194,16.411352157592773,666
667,1.3714087439907923,4.638114929199219,2.941290338834127,16.87933349609375,667
668,1.3807358493407567,4.57354211807251,2.8866644965277777,15.756217002868652,668
669,1.3891884833574295,4.477802276611328,2.876583364274767,16.95871353149414,669
670,1.4095138725307252,4.64627742767334,2.7940765221913657,15.127838134765625,670
671,1.3640932672553592,4.504733562469482,2.8807671864827475,16.389163970947266,671
672,1.4753326260381274,4.909444332122803,2.868532008594937,16.272096633911133,672
673,1.3324953152073755,4.308407306671143,2.8600229687160916,16.368322372436523,673
674,1.3389617370234594,4.451077938079834,2.8613549205991955,15.81397533416748,674
675,1.3606147434976366,4.59504508972168,2.892447551091512,15.858899116516113,675
676,1.3131525276435747,4.368736743927002,2.930370330810547,15.959953308105469,676
677,1.3825799491670396,4.355963230133057,2.9665729999542236,16.629440307617188,677
678,1.3955955141120486,4.4696197509765625,2.8720595836639404,15.494138717651367,678
679,1.4080782988005214,4.5053887367248535,2.8713047239515515,16.112564086914062,679
680,1.3530111345979903,4.367332458496094,2.821370071834988,15.69810676574707,680
681,1.348271754052904,4.388393878936768,2.8766680690977307,16.015525817871094,681
682,1.3473251975244946,4.5388312339782715,2.8970854017469616,15.907832145690918,682
683,1.33670265144772,4.418440818786621,2.9249541229671903,16.875577926635742,683
684,1.4500739359193378,4.9915547370910645,2.9095654090245566,16.248146057128906,684
685,1.349282856616709,4.353288173675537,2.814680298169454,15.676712989807129,685
686,1.3636349621746275,4.4187726974487305,2.8060070673624673,15.355735778808594,686
687,1.3974153101444244,4.624771595001221,2.832894934548272,15.659734725952148,687
688,1.3243758976459503,4.298783302307129,2.859086751937866,15.834667205810547,688
689,1.3511418890621927,4.517298221588135,2.8687392605675592,16.0343074798584,689
690,1.3089816429548793,4.448798179626465,2.904684556855096,16.23572540283203,690
691,1.359564830859502,4.440169334411621,2.9410772720972695,16.566011428833008,691
692,1.3803172773785062,4.539927959442139,2.966564496358236,16.56429100036621,692
693,1.4126613156663046,4.605794906616211,2.980626450644599,16.838077545166016,693
694,1.489170687066184,5.0586771965026855,2.9120267497168646,16.73434066772461,694
695,1.4358025126987033,4.6513261795043945,2.8440746466318765,15.336873054504395,695
696,1.3643531526128452,4.453654766082764,2.927434762318929,16.282695770263672,696
697,1.3225800096988678,4.352109909057617,2.8290585809283786,15.44508171081543,697
698,1.4433526198069255,4.924385070800781,3.065747751129998,17.943662643432617,698
699,1.3659305324157078,4.434072971343994,2.9275709655549793,16.31368637084961,699
700,1.3669742892185848,4.566142559051514,2.8940559890535145,16.08271598815918,700
701,1.3761941169699032,4.456738471984863,2.8478847212261624,15.964259147644043,701
702,1.328413650393486,4.350101947784424,2.9144219557444253,16.42288589477539,702
703,1.3077704177962408,4.295496463775635,2.8618637455834284,15.569860458374023,703
704,1.3277938779857423,4.375328540802002,2.8135308954450817,15.757071495056152,704
705,1.328590576019552,4.358161926269531,2.8894851207733154,16.095197677612305,705
706,1.3489550799131393,4.494393825531006,2.8554340998331704,15.689081192016602,706
707,1.3891769763496187,4.621446132659912,2.827442010243734,15.632518768310547,707
708,1.410014756851726,4.72050666809082,2.8074911302990384,15.738289833068848,708
709,1.351617929008272,4.465774059295654,2.9194272094302707,16.25694465637207,709
710,1.3804097415672407,4.687123775482178,2.86046036084493,15.35293960571289,710
711,1.4024144841565027,4.538121700286865,2.893462154600355,16.080835342407227,711
712,1.3041963809066348,4.4650678634643555,2.86098047097524,15.737787246704102,712
713,1.3557194016045995,4.444484710693359,2.8823659817377725,15.833059310913086,713
714,1.2968868099980884,4.276251316070557,2.81951461897956,15.41231918334961,714
715,1.3231243656741247,4.413929462432861,2.888066146108839,16.177438735961914,715
716,1.3078220470084085,4.368305206298828,2.838623563448588,15.825431823730469,716
717,1.389755204319954,4.5504679679870605,2.8638495206832886,16.380905151367188,717
718,1.3789508160617616,4.46061897277832,2.8852805031670465,15.698397636413574,718
719,1.3492879801326327,4.63481330871582,2.8674504492017956,15.93676471710205,719
720,1.345693485604392,4.553552627563477,2.8972124523586698,16.381406784057617,720
721,1.3400051262643602,4.352926731109619,2.8580017354753284,15.712370872497559,721
722,1.3198015665014584,4.409327030181885,2.872663762834337,16.131103515625,722
723,1.292683321568701,4.484071254730225,2.856275373035007,15.941803932189941,723
724,1.3141157743003633,4.407466411590576,2.9490769969092474,17.037641525268555,724
725,1.352100024620692,4.527876377105713,2.8759030765957303,15.611795425415039,725
726,1.3159190035528607,4.425249099731445,2.838762402534485,16.276609420776367,726
727,1.2904423756731882,4.296951770782471,2.8349770837359958,15.533208847045898,727
728,1.2825381259123485,4.266043663024902,2.8841852876875134,15.815211296081543,728
729,1.3805133120881186,4.451076030731201,2.824032770262824,15.471892356872559,729
730,1.313766050669882,4.186269283294678,2.849813845422533,15.50534725189209,730
731,1.3231273136205144,4.381204128265381,2.8328057527542114,15.315305709838867,731
732,1.3908148225810792,4.563642501831055,2.881386121114095,16.46780014038086,732
733,1.3063924014568329,4.165478706359863,2.8812120623058743,15.925420761108398,733
734,1.2935725549856822,4.2420244216918945,2.879086176554362,16.31048011779785,734
735,1.3362346150808864,4.317099094390869,2.874713487095303,16.173992156982422,735
736,1.3902793187234137,4.586156845092773,2.8552914460500083,16.28728485107422,736
737,1.2780424000488386,4.232808589935303,2.8427554898791842,15.64303970336914,737
738,1.3134665050440364,4.415948390960693,2.892496029535929,16.193492889404297,738
739,1.5153515471352472,5.067378997802734,2.9613194598091974,16.519683837890625,739
740,1.4159146348635356,4.631133079528809,2.893982615735796,15.912140846252441,740
741,1.3402088781197865,4.264232158660889,2.8284697797563343,16.541040420532227,741
742,1.3076413091686037,4.240289211273193,2.974044018321567,16.786842346191406,742
743,1.3291396796703339,4.384344577789307,2.818512042363485,16.313446044921875,743
744,1.3498087036940787,4.428597450256348,2.865967935985989,16.40837860107422,744
745,1.3505710793866053,4.3529534339904785,2.85502819220225,15.543646812438965,745
746,1.3429907965991232,4.305335998535156,2.812174916267395,15.691987991333008,746
747,1.3140855133533478,4.275876522064209,3.0907714102003307,17.512889862060547,747
748,1.5026438078946538,4.831357955932617,2.8165722688039145,15.420015335083008,748
749,1.3216122852431402,4.3516459465026855,2.854007614983453,16.113929748535156,749
750,1.289959025879701,4.189174175262451,2.877192073398166,15.970335006713867,750
751,1.268313917848799,4.187801837921143,2.823457611931695,15.561399459838867,751
752,1.3649981121222179,4.394171237945557,2.9135967228147717,16.935800552368164,752
753,1.3409417155716155,4.1429643630981445,2.8503814935684204,15.939929008483887,753
754,1.3138263175884883,4.273057460784912,2.8546443780263266,16.179141998291016,754
755,1.3229120820760727,4.307965278625488,2.902939703729418,16.210126876831055,755
756,1.3397672805521224,4.45235538482666,2.863308933046129,16.811384201049805,756
757,1.3734643045398924,4.343902587890625,2.8864328728781805,16.474241256713867,757
758,1.373196734322442,4.555907726287842,2.8325765132904053,15.870237350463867,758
759,1.326506248778767,4.264385223388672,2.8537135124206543,16.0576171875,759
760,1.2657805333534877,4.143009185791016,2.852221621407403,16.077259063720703,760
761,1.3182061364253361,4.248349666595459,2.905132439401415,16.0596981048584,761
762,1.3259075035651524,4.4836955070495605,3.0079853534698486,17.071109771728516,762
763,1.2721935891442828,4.070023536682129,2.8591133753458657,16.45206069946289,763
764,1.3244766493638356,4.240501403808594,2.905126041836209,16.85858726501465,764
765,1.3218395362297695,4.286584377288818,2.8653325107362537,16.284183502197266,765
766,1.2764445741971333,4.184825897216797,2.862250950601366,16.157752990722656,766
767,1.3100026390618749,4.243565082550049,2.8198225100835166,15.952898979187012,767
768,1.3243376190463703,4.160279273986816,2.855966250101725,16.11400604248047,768
769,1.2925430685281754,4.247320652008057,2.9073564873801336,16.784168243408203,769
770,1.3043148054016962,4.220409870147705,2.8218425379859076,16.06450080871582,770
771,1.3247595131397247,4.338522434234619,2.8878411716885037,16.217365264892578,771
772,1.275750205748611,4.282860279083252,2.8295485973358154,15.784339904785156,772
773,1.303747746679518,4.207319736480713,2.8689063522550793,16.491012573242188,773
774,1.2540673770838313,4.143744468688965,2.8109995391633777,16.166057586669922,774
775,1.3047082655959659,4.35187292098999,2.8557066917419434,16.344301223754883,775
776,1.3283652315537136,4.190385341644287,2.886344061957465,16.28791046142578,776
777,1.3853017091751099,4.507802486419678,2.8653918637169733,16.122106552124023,777
778,1.2659107231431537,4.1906843185424805,2.912718335787455,16.258438110351562,778
779,1.2574844972954855,4.246721267700195,2.832345167795817,15.711194038391113,779
780,1.306898642745283,4.297788619995117,2.8131316105524697,15.943476676940918,780
781,1.273687180959516,4.0370025634765625,2.8523163663016424,16.133848190307617,781
782,1.2523581120702956,4.051551818847656,2.8515007495880127,16.235103607177734,782
783,1.3044264498684142,4.241937637329102,2.819756441646152,16.15389060974121,783
784,1.255705593360795,4.208118438720703,2.8212180270089044,16.551162719726562,784
785,1.2693191518386204,4.041472434997559,2.820367521709866,16.12790870666504,785
786,1.2751551916201909,4.273950099945068,2.835664881600274,16.067218780517578,786
787,1.3066616141133838,4.254948139190674,2.8115127881368003,15.317331314086914,787
788,1.3610252771112654,4.206475734710693,2.765763349003262,15.285924911499023,788
789,1.2887196002735033,4.217994213104248,2.8828410572475858,16.275711059570312,789
790,1.2865272131231096,4.019145965576172,2.861210001839532,15.598472595214844,790
791,1.2643187617262204,4.026801109313965,2.818441152572632,15.532597541809082,791
792,1.2965029792653189,4.109724521636963,2.850067761209276,15.998230934143066,792
793,1.3604892012145784,4.331919193267822,2.857685817612542,15.648622512817383,793
794,1.3131348490715027,4.194125175476074,2.8299841615888806,16.114749908447266,794
795,1.2959662336442206,4.227616310119629,2.855115373929342,16.689851760864258,795
796,1.2992614673243628,4.054102897644043,2.8741798798243203,16.324512481689453,796
797,1.2866417351696227,4.279852390289307,2.867534769905938,16.378761291503906,797
798,1.2691376581788063,4.153096675872803,2.847349246342977,17.261781692504883,798
799,1.3006212438146274,4.2023491859436035,2.8444854153527155,16.08185577392578,799
800,1.2982035328944523,4.181029796600342,2.8314126994874744,16.496137619018555,800
801,1.2477532492743597,4.065287113189697,2.8563115199406943,16.545520782470703,801
802,1.252692249086168,4.083374977111816,2.814305994245741,15.946863174438477,802
803,1.2553945158918698,4.055067539215088,2.7951693137486777,15.811037063598633,803
804,1.2519585871034198,4.155023097991943,2.8060086833106146,16.21112823486328,804
805,1.2915699125991926,4.257073879241943,2.8330061965518527,16.383373260498047,805
806,1.350099460946189,4.292677879333496,2.9165606233808727,16.9349308013916,806
807,1.3014625666870012,4.250474452972412,2.802147520913018,16.070030212402344,807
808,1.273488029009766,4.149066925048828,2.816413919130961,16.26538848876953,808
809,1.2855499337116878,4.146872520446777,2.9672697517606945,17.514558792114258,809
810,1.2905862761868372,4.158491134643555,2.8897980981402926,16.387990951538086,810
811,1.3045680870612462,4.235615253448486,2.891414668824938,16.267330169677734,811
812,1.322384551167488,4.200124263763428,2.937642044491238,16.50470733642578,812
813,1.3061391512552898,4.123744487762451,2.7792298131518893,15.769038200378418,813
814,1.3496504657798343,4.4141459465026855,2.9876304864883423,17.736377716064453,814
815,1.3688380213247404,4.310685157775879,2.812612692515055,15.918316841125488,815
816,1.230920402540101,3.904924154281616,2.812451720237732,16.05986213684082,816
817,1.3302303900321324,4.153371334075928,2.7959774202770658,15.819409370422363,817
818,1.260707036488586,3.966724157333374,2.8148970339033337,16.413713455200195,818
819,1.336313144200378,4.5320725440979,2.9564566877153187,17.208126068115234,819
820,1.3032991637786229,4.283356666564941,2.8559886813163757,16.5132999420166,820
821,1.4291788339614868,4.573963165283203,2.8270973761876426,15.424957275390625,821
822,1.2353058672613568,3.930330276489258,2.867368539174398,16.566669464111328,822
823,1.2741102907392714,4.243740558624268,2.870221734046936,16.840728759765625,823
824,1.254107995165719,3.9039041996002197,2.897091362211439,16.28206443786621,824
825,1.2496469898356333,3.9161670207977295,2.8209789991378784,16.2850399017334,825
826,1.248685480819808,4.012894630432129,2.811656872431437,15.92358112335205,826
827,1.3091234150860045,4.0764312744140625,2.832903093761868,16.224140167236328,827
828,1.2630417951279216,4.036356449127197,2.896250181727939,16.6068115234375,828
829,1.2614572354488902,4.1245622634887695,2.8252633015314736,15.923142433166504,829
830,1.245102306207021,3.8925793170928955,2.7695172097947864,15.869336128234863,830
831,1.2799400140841801,4.057872295379639,2.7937676509221396,16.079998016357422,831
832,1.3076159060001373,4.1782379150390625,2.8115340603722467,16.41510772705078,832
833,1.2840812504291534,3.9916656017303467,2.836052589946323,15.892178535461426,833
834,1.2686195621887844,4.00886344909668,2.829078647825453,16.42224884033203,834
835,1.2825114445553885,3.926168441772461,2.813265747494168,16.90033721923828,835
836,1.297888974348704,3.9839041233062744,2.7858925263086953,16.15887451171875,836
837,1.253525137073464,3.891000270843506,2.8662303818596735,16.34366798400879,837
838,1.3013701008425818,4.219480991363525,2.901016195615133,17.101200103759766,838
839,1.283030519882838,3.9898858070373535,2.8638426860173545,16.144309997558594,839
840,1.2710056288374796,4.111080169677734,2.822638471921285,16.003190994262695,840
841,1.2264745235443115,3.882835865020752,2.869797216521369,16.57320213317871,841
842,1.2320828860004742,4.044620990753174,2.8108342356152005,16.292448043823242,842
843,1.2212682432598538,3.9972457885742188,2.8180546628104315,16.198734283447266,843
844,1.223565413720078,3.884045362472534,2.8259156147638955,15.965498924255371,844
845,1.2578201848599646,3.8795437812805176,2.8909623357984753,17.213390350341797,845
846,1.2905829283926222,4.136678218841553,2.935521748330858,17.015872955322266,846
847,1.2442671871847577,4.142436981201172,2.8036561144722834,15.997244834899902,847
848,1.2079686737722821,3.91585636138916,2.8241993718677096,16.10426902770996,848
849,1.2077213906579547,3.882658004760742,2.8895618518193564,16.846553802490234,849
850,1.2328475506769285,4.025562286376953,2.850104729334513,16.264202117919922,850
851,1.271801425351037,4.173861026763916,2.8748269346025257,16.520875930786133,851
852,1.253477853205469,4.125874996185303,2.828264143731859,16.637792587280273,852
853,1.3342760105927784,4.325137138366699,2.811355193456014,16.256385803222656,853
854,1.2439321726560593,4.027337074279785,2.8631304370032415,16.065170288085938,854
855,1.2643807729085286,4.05676794052124,2.878580199347602,16.95152473449707,855
856,1.225184193915791,3.916311740875244,2.789413981967502,16.155908584594727,856
857,1.2488708338803716,3.975874185562134,2.822016570303175,16.035730361938477,857
858,1.2761659978164568,4.10290002822876,2.860331336657206,16.442113876342773,858
859,1.2084607597854402,3.9910387992858887,2.857924633555942,16.69376564025879,859
860,1.277535680267546,4.091397762298584,2.886851098802355,16.266653060913086,860
861,1.2724496010277007,4.128042697906494,2.8684514363606772,16.7618465423584,861
862,1.319228330420123,4.379807949066162,2.7977625528971353,15.684603691101074,862
863,1.2243308540847566,3.985696792602539,2.8240519762039185,15.900484085083008,863
864,1.1971781270371542,3.9034838676452637,2.8526692390441895,16.738536834716797,864
865,1.2296869580944378,3.9657676219940186,2.83266105916765,16.287073135375977,865
866,1.2537542829910915,3.939427137374878,2.811973293622335,16.166847229003906,866
867,1.214470036327839,3.9693050384521484,2.851450522740682,16.38658332824707,867
868,1.2088534641597006,3.8091132640838623,2.7433462142944336,15.568450927734375,868
869,1.271595064136717,3.8696646690368652,2.799563924471537,15.894450187683105,869
870,1.245674318737454,4.0668745040893555,2.879144403669569,16.118162155151367,870
871,1.280901723437839,4.026158332824707,2.8523112403021917,16.640460968017578,871
872,1.2672422230243683,4.010962963104248,2.8719768259260388,16.260717391967773,872
873,1.251918103131983,4.036069869995117,2.798396666844686,15.883492469787598,873
874,1.328482251200411,4.135114669799805,2.793553908665975,15.203112602233887,874
875,1.3016792039076488,4.1060991287231445,2.872320055961609,16.686067581176758,875
876,1.2347076245480113,3.988173484802246,2.8039803902308145,16.219179153442383,876
877,1.2638854500320222,4.016534328460693,2.880216704474555,16.177352905273438,877
878,1.2805704234374895,4.0150628089904785,2.750204907523261,15.214656829833984,878
879,1.2324155179990663,3.8952221870422363,2.8440602355533176,16.318241119384766,879
880,1.2244044467806816,3.9029781818389893,2.8084461159176297,15.963370323181152,880
881,1.197716899216175,3.8953797817230225,2.803441670205858,15.501005172729492,881
882,1.2176602135101955,3.8285436630249023,2.775341192881266,15.61391830444336,882
883,1.1929740491840575,3.7804765701293945,2.8201988538106284,17.000944137573242,883
884,1.2590524835719004,3.843888282775879,2.9932773643069797,17.7227840423584,884
885,1.2505732104182243,4.013165473937988,2.7969681951734753,15.927555084228516,885
886,1.2585500478744507,3.8914153575897217,2.8454219500223794,15.913802146911621,886
887,1.2377311264475186,3.969900608062744,2.8130771451526217,15.624844551086426,887
888,1.310142084128327,4.00507116317749,2.8276187313927545,16.08184242248535,888
889,1.2373106529315312,3.891671657562256,2.8461837106280856,16.478782653808594,889
890,1.237196772462792,3.9910085201263428,2.7998483180999756,15.840714454650879,890
891,1.2115277432733111,3.830470323562622,2.853057609664069,16.328874588012695,891
892,1.2401623460981581,4.017882347106934,2.953013062477112,17.06282615661621,892
893,1.3031289817558394,4.0477094650268555,2.856134679582384,16.559268951416016,893
894,1.2280632340245776,3.9380733966827393,2.7818243503570557,15.414642333984375,894
895,1.2085895074738398,3.7857730388641357,2.7944658862219915,16.003782272338867,895
896,1.2260461101929347,3.911306142807007,2.806184344821506,15.791696548461914,896
897,1.2809310033917427,4.028803825378418,2.773082070880466,15.68179702758789,897
898,1.3784665995173984,4.501206874847412,2.8443813191519842,16.42533302307129,898
899,1.2529900131954088,3.9278266429901123,2.8894008000691733,16.6334171295166,899
900,1.2262941176692645,3.9976565837860107,2.8329848448435464,15.818151473999023,900
901,1.256774475177129,4.010015487670898,2.8181091282102795,16.164283752441406,901
902,1.2466868170433574,3.9225008487701416,2.850141339831882,16.00093650817871,902
903,1.2223774211274252,3.9278173446655273,2.8141457769605847,16.075077056884766,903
904,1.2492361904846296,4.010160446166992,2.8187535338931613,16.212417602539062,904
905,1.204705309536722,3.8996732234954834,2.882063878907098,16.421001434326172,905
906,1.2105153310630057,3.847493886947632,2.827573378880819,16.114601135253906,906
907,1.1984546466006174,3.8010597229003906,2.825459440549215,15.744673728942871,907
908,1.2565224303139582,3.8741583824157715,2.816881789101495,15.908348083496094,908
909,1.220782134268019,3.834906578063965,2.895041200849745,16.4500732421875,909
910,1.2189170080754492,3.868119955062866,2.973742299609714,16.815561294555664,910
911,1.232026098503007,3.8158600330352783,2.8280324141184487,16.198545455932617,911
912,1.2062239514456854,3.910074472427368,2.8292578856150308,16.21343994140625,912
913,1.217845521039433,3.819178342819214,2.8491298622555203,16.465787887573242,913
914,1.2426677114433713,4.04486608505249,2.8046257628334894,16.145248413085938,914
915,1.2058538790378306,4.010690212249756,2.8701394531461926,16.20196533203125,915
916,1.2869798094034195,3.9461560249328613,2.7417511807547674,15.28781509399414,916
917,1.2309831140769854,3.879579782485962,2.9632377889421253,17.239038467407227,917
918,1.231643786860837,3.936020851135254,2.784889539082845,16.080554962158203,918
919,1.2447027381923463,4.1065673828125,2.8218398756451077,16.075483322143555,919
920,1.1997176143858168,3.828550100326538,2.7831015321943493,15.67381477355957,920
921,1.2502187705702252,3.9927029609680176,2.8834539386961193,16.37952423095703,921
922,1.2224840538369284,3.811049461364746,2.786705043580797,15.792686462402344,922
923,1.2647403710418277,4.119883060455322,2.7341794702741833,15.16235065460205,923
924,1.2616365667846468,3.851400136947632,2.870410376124912,16.34986686706543,924
925,1.270189729001787,3.9836626052856445,2.883915728992886,15.888442993164062,925
926,1.2698010313842032,4.025380611419678,2.8599782519870334,16.541852951049805,926
927,1.287362618578805,4.068785667419434,2.8622091743681164,16.152957916259766,927
928,1.257886462741428,4.086225509643555,2.8133343193266125,15.637425422668457,928
929,1.300221751133601,4.03727912902832,2.8358517752753363,15.760041236877441,929
930,1.282212484214041,3.95770525932312,2.955487940046522,16.39105796813965,930
931,1.3259881801075406,4.193113803863525,2.9382572968800864,17.113306045532227,931
932,1.2273265048861504,3.9488680362701416,2.855640861723158,16.22333526611328,932
933,1.25302658478419,3.8747456073760986,2.8596560690138073,16.06761360168457,933
934,1.249160125023789,3.9064838886260986,2.8143725130293102,15.61705493927002,934
935,1.1779509153630998,3.729593515396118,2.815585732460022,15.98741340637207,935
936,1.1882426258590486,3.784952402114868,2.7755335436926947,15.57883358001709,936
937,1.1628365243474643,3.681165933609009,2.82523242632548,15.696852684020996,937
938,1.2364786333507962,3.906709671020508,2.839677373568217,16.338699340820312,938
939,1.2308522885044415,3.8727235794067383,2.8392870823542276,16.387035369873047,939
940,1.1761010036700301,3.773571729660034,2.821940686967638,16.065460205078125,940
941,1.1779718208644125,3.619391441345215,2.9058373239305286,17.493371963500977,941
942,1.2833334141307406,4.272021770477295,2.788689547114902,15.927838325500488,942
943,1.1934802101718054,3.8911261558532715,2.8081761731041803,15.434309959411621,943
944,1.1876594242122438,3.736349582672119,2.8075272109773426,16.196435928344727,944
945,1.181968462963899,3.8349552154541016,2.805657532480028,15.751921653747559,945
946,1.1730439000659518,3.740575075149536,2.8244246774249606,17.081056594848633,946
947,1.2073269801007376,3.8979101181030273,2.838006946775648,16.41392707824707,947
948,1.2153675688637628,3.9098737239837646,2.8158139917585583,16.369552612304688,948
949,1.181089587509632,3.8494598865509033,2.8090242544809976,15.83446216583252,949
950,1.18070383866628,3.7223615646362305,2.790858599874708,16.006345748901367,950
951,1.198538262810972,3.6998708248138428,2.8667512469821506,16.191848754882812,951
952,1.2611388481325574,4.019652843475342,2.8485829565260143,16.786531448364258,952
953,1.1908876937296655,3.8407578468322754,2.8492234680387707,16.314929962158203,953
954,1.1799649712112215,3.7762722969055176,2.7663088507122464,15.82102108001709,954
955,1.1599769509500928,3.7677338123321533,2.881834520234002,16.796777725219727,955
956,1.200592164364126,3.7939608097076416,2.8257566690444946,15.780577659606934,956
957,1.2061068092783291,3.826234817504883,2.8070580429501004,16.020702362060547,957
958,1.1894369804196887,3.859668493270874,2.828813976711697,15.464459419250488,958
959,1.2108142309718661,3.911820888519287,2.809944232304891,16.07306671142578,959
960,1.2182229533791542,3.888593912124634,2.8201449712117515,15.805371284484863,960
961,1.2195511418912146,3.7784664630889893,2.8708529339896307,16.412792205810547,961
962,1.2087858186827765,3.856466293334961,2.8136395613352456,16.032928466796875,962
963,1.1835862009061708,3.763291835784912,2.7782311836878457,15.579276084899902,963
964,1.2105293273925781,3.764538049697876,2.856476412879096,16.369396209716797,964
965,1.188497345480654,3.887850046157837,2.811889396773444,15.962882041931152,965
966,1.1868607848882675,3.9168479442596436,2.8325920634799533,15.773102760314941,966
967,1.1811087189449205,3.7194201946258545,2.7741116285324097,15.975486755371094,967
968,1.2268226254317496,3.8270750045776367,2.787346018685235,15.265350341796875,968
969,1.2059581693675783,3.8307957649230957,2.7859460645251803,16.320728302001953,969
970,1.198397612406148,3.867959976196289,2.787565959824456,15.649453163146973,970
971,1.1936176212297545,3.7844135761260986,2.8413557476467557,16.454051971435547,971
972,1.2210938533147175,3.872288942337036,2.816696736547682,16.459373474121094,972
973,1.2659635775619082,3.963449478149414,2.863753464486864,16.427837371826172,973
974,1.2347538073857625,3.99609375,2.8939587805006237,16.070058822631836,974
975,1.167648457818561,3.662782907485962,2.816763824886746,16.24127960205078,975
976,1.2227790703376133,3.8489274978637695,2.821640412012736,16.089773178100586,976
977,1.2201625092162027,3.690690040588379,2.835064689318339,16.16069984436035,977
978,1.2288573044869635,3.8474860191345215,2.8116884761386447,15.66270923614502,978
979,1.1736179300480418,3.781414747238159,2.7949281533559165,15.85860824584961,979
980,1.158204576207532,3.70843505859375,2.842845320701599,15.984870910644531,980
981,1.156837522983551,3.7216882705688477,2.863303608364529,16.676496505737305,981
982,1.2198527000016637,3.878511667251587,2.8168329927656384,15.821200370788574,982
983,1.208202535079585,3.8665380477905273,2.809943013721042,15.888529777526855,983
984,1.151363431579537,3.6168010234832764,2.8413078520033093,16.351688385009766,984
985,1.215065334406164,3.7613370418548584,2.8895657459894815,16.53377914428711,985
986,1.2237265043788486,3.7917215824127197,2.8311684131622314,15.806910514831543,986
987,1.2459124790297613,4.099353313446045,2.844693342844645,16.256027221679688,987
988,1.2807881484429042,4.036322116851807,2.784406820933024,16.04623031616211,988
989,1.2056909940308995,3.673804759979248,2.8295790221956043,15.856199264526367,989
990,1.3128078762027953,4.187924385070801,2.8060398234261408,15.785135269165039,990
991,1.1628656677073903,3.752302408218384,2.7865804168913098,15.493685722351074,991
992,1.170869538353549,3.6974570751190186,2.751385980182224,15.127532005310059,992
993,1.1824354918466673,3.638005495071411,2.8078311681747437,15.499261856079102,993
994,1.145544779797395,3.675849437713623,2.819219615724352,16.131818771362305,994
995,1.2194211673405435,3.850379467010498,2.870990170372857,15.505313873291016,995
996,1.329273550046815,4.303567886352539,2.8670718802346125,16.492328643798828,996
997,1.1991190786163013,3.782754898071289,2.8101340929667153,15.559136390686035,997
998,1.244347758591175,3.827397584915161,2.8695444663365683,16.83733558654785,998
999,1.2061772834923532,3.971895217895508,2.8657299412621393,16.47593879699707,999
